RowId,Source,Flight,ScheduledDeparture,ActualDeparture,DepartureGate,ScheduledArrival,ActualArrival,ArrivalGate,date
32318,aa,AA-2312-DFW-DTW,December 15_ 2011               08:25 PM,December 15_ 2011,A34,December 15_ 2011               11:50 PM,December 15_ 2011,D32,734486
32319,flightexplorer,AA-2312-DFW-DTW,12/15/2011 8:25PM CST,,,12/15/2011 11:50PM EST,,,734486
32320,airtravelcenter,AA-2312-DFW-DTW,,12/15/11 8:29 PM (-06:00),,,12/15/11 11:22 PM (-05:00),,734486
32321,myrateplan,AA-2312-DFW-DTW,,12/15/11 8:29 PM (-06:00),,,12/15/11 11:22 PM (-05:00),,734486
32322,helloflight,AA-2312-DFW-DTW,,12/15/11 8:29 PM (-06:00),,,12/15/11 11:22 PM (-05:00),,734486
32323,flytecomm,AA-2312-DFW-DTW,,12/15/11 8:29 PM (-06:00),,,12/15/11 11:22 PM (-05:00),,734486
32324,flights,AA-2312-DFW-DTW,2011-12-15 08:25 PM,,A34,2011-12-15 11:50 PM,,D32,734486
32325,businesstravellogue,AA-2312-DFW-DTW,2011-12-15 08:25 PM,,A34,2011-12-15 11:50 PM,,D32,734486
32326,flylouisville,AA-2312-DFW-DTW,2011-12-15 08:25 PM,,A34,2011-12-15 11:50 PM,,D32,734486
32327,flightstats,AA-2312-DFW-DTW,2011-12-15 8:25 PM,2011-12-15 8:25 PM (Estimated),,2011-12-15 11:50 PM,2011-12-15 11:50 PM (Estimated),,734486
32328,quicktrip,AA-2312-DFW-DTW,2011-12-15 8:25 PM,2011-12-15 8:25 PM (Estimated),,2011-12-15 11:50 PM,2011-12-15 11:50 PM (Estimated),,734486
32329,flightview,AA-2312-DFW-DTW,8:25 PMDec 15,,,11:50 PMDec 15,,,734486
32330,panynj,AA-2312-DFW-DTW,8:25 PMDec 15,,,11:50 PMDec 15,,,734486
32331,gofox,AA-2312-DFW-DTW,8:25 PMDec 15,,,11:50 PMDec 15,,,734486
32332,foxbusiness,AA-2312-DFW-DTW,8:25 PMDec 15,,,11:50 PMDec 15,,,734486
32333,allegiantair,AA-2312-DFW-DTW,8:25 PMDec 15,,,11:50 PMDec 15,,,734486
32334,boston,AA-2312-DFW-DTW,8:25 PMDec 15,,,11:50 PMDec 15,,,734486
32335,orbitz,AA-2312-DFW-DTW,8:25pDec 15,,A34,11:50pDec 15,,D32,734486
32336,usatoday,AA-2312-DFW-DTW,8:25 PMDec 15,,,11:50 PMDec 15,,,734486
32337,mytripandmore,AA-2312-DFW-DTW,8:25pDec 15,,A34,11:50pDec 15,,D32,734486
32338,flightarrival,AA-2312-DFW-DTW,8:25 PMDec 15,,,11:50 PMDec 15,,,734486
32339,aa,AA-649-ORD-SNA,December 15_ 2011               01:30 PM,December 15_ 2011,H11B,December 15_ 2011               03:50 PM,December 15_ 2011,7,734486
32340,flightexplorer,AA-649-ORD-SNA,12/15/2011 1:30PM CST,,,12/15/2011 3:50PM PST,,,734486
32341,airtravelcenter,AA-649-ORD-SNA,,12/15/11 1:34 PM (-06:00),,,12/15/11 3:25 PM (-08:00),,734486
32342,myrateplan,AA-649-ORD-SNA,,12/15/11 1:34 PM (-06:00),,,12/15/11 3:25 PM (-08:00),,734486
32343,helloflight,AA-649-ORD-SNA,,12/15/11 1:34 PM (-06:00),,,12/15/11 3:25 PM (-08:00),,734486
32344,flytecomm,AA-649-ORD-SNA,,12/15/11 1:34 PM (-06:00),,,12/15/11 3:25 PM (-08:00),,734486
32345,flightaware,AA-649-ORD-SNA,2011-12-15 01:30PM CST,2011-12-15 01:40PM CST,H11B,2011-12-15 03:30PM PST,2011-12-15 03:40PM PST,7,734486
32346,wunderground,AA-649-ORD-SNA,2011-12-15 01:30PM CST,2011-12-15 01:40PM CST,H11B,2011-12-15 03:30PM PST,2011-12-15 03:40PM PST,7,734486
32347,flights,AA-649-ORD-SNA,01:30 PM  Thu 15-Dec-2011,,H11B,03:50 PM  Thu 15-Dec-2011,,7,734486
32348,businesstravellogue,AA-649-ORD-SNA,01:30 PM  Thu 15-Dec-2011,,H11B,03:50 PM  Thu 15-Dec-2011,,7,734486
32349,flylouisville,AA-649-ORD-SNA,01:30 PM  Thu 15-Dec-2011,,H11B,03:50 PM  Thu 15-Dec-2011,,7,734486
32350,world-flight-tracker,AA-649-ORD-SNA,2011-12-15 1:30 PM,2011-12-15 1:30 PM (Estimated),,2011-12-15 3:50 PM,2011-12-15 3:50 PM (Estimated),,734486
32351,flightview,AA-649-ORD-SNA,1:30 PM_ Dec 15,,H11B,3:50 PM_ Dec 15,,Terminal A - 7,734486
32352,panynj,AA-649-ORD-SNA,1:30 PM_ Dec 15,,H11B,3:50 PM_ Dec 15,,Terminal A - 7,734486
32353,gofox,AA-649-ORD-SNA,1:30 PM_ Dec 15,,,3:50 PM_ Dec 15,,,734486
32354,foxbusiness,AA-649-ORD-SNA,1:30 PM_ Dec 15,,H11B,3:50 PM_ Dec 15,,Terminal A - 7,734486
32355,allegiantair,AA-649-ORD-SNA,1:30 PM_ Dec 15,,H11B,3:50 PM_ Dec 15,,Terminal A - 7,734486
32356,boston,AA-649-ORD-SNA,1:30 PM_ Dec 15,Not Available,,3:50 PM_ Dec 15,Not Available,,734486
32357,travelocity,AA-649-ORD-SNA,Dec 15 - 1:30pm,Dec 15 - Not Available,H11B/T3,Dec 15 - 3:50pm,Dec 15 - Not Available,7,734486
32358,orbitz,AA-649-ORD-SNA,1:30pDec 15,,H11B,3:50pDec 15,,7,734486
32359,weather,AA-649-ORD-SNA,2011-12-15 01:30 PM,2011-12-15 01:58 PM,,2011-12-15 03:50 PM,2011-12-15 03:59 PM,,734486
32360,usatoday,AA-649-ORD-SNA,2011-12-15 01:30 PM,2011-12-15 01:58 PM,,2011-12-15 03:50 PM,2011-12-15 03:59 PM,,734486
32361,mytripandmore,AA-649-ORD-SNA,1:30pDec 15,,H11B,3:50pDec 15,,7,734486
32362,flightwise,AA-649-ORD-SNA,2011-12-15 01:30PM CST,2011-12-15 01:40PM CST,H11B,2011-12-15 03:30PM PST,2011-12-15 03:40PM PST,7,734486
32363,flightarrival,AA-649-ORD-SNA,2011-12-15 01:30 PM,2011-12-15 01:58 PM,,2011-12-15 03:50 PM,2011-12-15 03:59 PM,,734486
32364,aa,AA-3842-MSP-ORD,December 15_ 2011               06:00 AM,December 15_ 2011               05:59 AM,E14,December 15_ 2011               07:30 AM,December 15_ 2011               07:42 AM,H5,734486
32365,airtravelcenter,AA-3842-MSP-ORD,,12/15/11 6:29 AM (-06:00),,,12/15/11 7:31 AM (-06:00),,734486
32366,myrateplan,AA-3842-MSP-ORD,,12/15/11 6:29 AM (-06:00),,,12/15/11 7:31 AM (-06:00),,734486
32367,helloflight,AA-3842-MSP-ORD,,12/15/11 6:29 AM (-06:00),,,12/15/11 7:31 AM (-06:00),,734486
32368,flytecomm,AA-3842-MSP-ORD,,12/15/11 6:29 AM (-06:00),,,12/15/11 7:31 AM (-06:00),,734486
32369,flightaware,AA-3842-MSP-ORD,2011-12-15 06:00AM CST,2011-12-15 06:29AM CST,E14,2011-12-15 06:50AM CST,2011-12-15 07:29AM CST,H5,734486
32370,wunderground,AA-3842-MSP-ORD,2011-12-15 06:00AM CST,2011-12-15 06:29AM CST,E14,2011-12-15 06:50AM CST,2011-12-15 07:29AM CST,H5,734486
32371,flights,AA-3842-MSP-ORD,06:00 AM  Thu 15-Dec-2011,05:59 AM  Thu 15-Dec-2011,E14,07:30 AM  Thu 15-Dec-2011,07:42 AM  Thu 15-Dec-2011,H5,734486
32372,businesstravellogue,AA-3842-MSP-ORD,06:00 AM  Thu 15-Dec-2011,05:59 AM  Thu 15-Dec-2011,E14,07:30 AM  Thu 15-Dec-2011,07:42 AM  Thu 15-Dec-2011,H5,734486
32373,flylouisville,AA-3842-MSP-ORD,06:00 AM  Thu 15-Dec-2011,05:59 AM  Thu 15-Dec-2011,E14,07:30 AM  Thu 15-Dec-2011,07:42 AM  Thu 15-Dec-2011,H5,734486
32374,flightstats,AA-3842-MSP-ORD,2011-12-15 6:00 AM,2011-12-15 5:59 AM,,2011-12-15 7:30 AM,2011-12-15 7:42 AM,,734486
32375,quicktrip,AA-3842-MSP-ORD,2011-12-15 6:00 AM,2011-12-15 5:59 AM,,2011-12-15 7:30 AM,2011-12-15 7:42 AM,,734486
32376,world-flight-tracker,AA-3842-MSP-ORD,2011-12-15 6:00 AM,2011-12-15 5:59 AM,,2011-12-15 7:30 AM,2011-12-15 7:42 AM,,734486
32377,flightview,AA-3842-MSP-ORD,6:00 AM_ Dec 15,6:29 AM_ Dec 15,E14,7:30 AM_ Dec 15,7:34 AM_ Dec 15,H5,734486
32378,panynj,AA-3842-MSP-ORD,6:00 AM_ Dec 15,6:29 AM_ Dec 15,E14,7:30 AM_ Dec 15,7:34 AM_ Dec 15,H5,734486
32379,gofox,AA-3842-MSP-ORD,6:00 AM_ Dec 15,6:29 AM_ Dec 15,,7:30 AM_ Dec 15,7:34 AM_ Dec 15,,734486
32380,foxbusiness,AA-3842-MSP-ORD,6:00 AM_ Dec 15,6:29 AM_ Dec 15,E14,7:30 AM_ Dec 15,7:34 AM_ Dec 15,H5,734486
32381,allegiantair,AA-3842-MSP-ORD,6:00 AM_ Dec 15,6:29 AM_ Dec 15,E14,7:30 AM_ Dec 15,7:34 AM_ Dec 15,H5,734486
32382,boston,AA-3842-MSP-ORD,6:00 AM_ Dec 15,6:29 AM_ Dec 15,,7:30 AM_ Dec 15,7:34 AM_ Dec 15,,734486
32383,travelocity,AA-3842-MSP-ORD,Dec 15 - 6:00am,Dec 15 - 5:59am,E14,Dec 15 - 7:30am,Dec 15 - 7:42am,H5/T3,734486
32384,orbitz,AA-3842-MSP-ORD,6:00aDec 15,5:59aDec 15,E14,7:30aDec 15,7:42aDec 15,H5,734486
32385,weather,AA-3842-MSP-ORD,2011-12-15 06:00 AM,,,2011-12-15 07:30 AM,,,734486
32386,ord,AA-3842-MSP-ORD,2011-12-15 6:00 AM,,E14,2011-12-15 7:30 AM,,H5,734486
32387,aa,AA-1434-DFW-MCO,December 15_ 2011               07:15 AM,December 15_ 2011               07:20 AM,C20,December 15_ 2011               10:35 AM,December 15_ 2011               10:43 AM,17,734486
32388,flightexplorer,AA-1434-DFW-MCO,,12/15/2011 7:34AM CST,,,12/15/2011 10:42AM EST,,734486
32389,airtravelcenter,AA-1434-DFW-MCO,,12/15/11 7:32 AM (-06:00),,,12/15/11 10:42 AM (-05:00),,734486
32390,myrateplan,AA-1434-DFW-MCO,,12/15/11 7:32 AM (-06:00),,,12/15/11 10:42 AM (-05:00),,734486
32391,helloflight,AA-1434-DFW-MCO,,12/15/11 7:32 AM (-06:00),,,12/15/11 10:42 AM (-05:00),,734486
32392,flytecomm,AA-1434-DFW-MCO,,12/15/11 7:32 AM (-06:00),,,12/15/11 10:42 AM (-05:00),,734486
32393,flightaware,AA-1434-DFW-MCO,2011-12-15 07:15AM CST,2011-12-15 07:34AM CST,C20,2011-12-15 10:25AM EST,2011-12-15 10:37AM EST,17,734486
32394,wunderground,AA-1434-DFW-MCO,2011-12-15 07:15AM CST,2011-12-15 07:34AM CST,C20,2011-12-15 10:25AM EST,2011-12-15 10:37AM EST,17,734486
32395,flights,AA-1434-DFW-MCO,07:15 AM  Thu 15-Dec-2011,07:20 AM  Thu 15-Dec-2011,C20,10:35 AM  Thu 15-Dec-2011,10:43 AM  Thu 15-Dec-2011,17,734486
32396,businesstravellogue,AA-1434-DFW-MCO,07:15 AM  Thu 15-Dec-2011,07:20 AM  Thu 15-Dec-2011,C20,10:35 AM  Thu 15-Dec-2011,10:43 AM  Thu 15-Dec-2011,17,734486
32397,flylouisville,AA-1434-DFW-MCO,07:15 AM  Thu 15-Dec-2011,07:20 AM  Thu 15-Dec-2011,C20,10:35 AM  Thu 15-Dec-2011,10:43 AM  Thu 15-Dec-2011,17,734486
32398,flightstats,AA-1434-DFW-MCO,2011-12-15 7:15 AM,2011-12-15 7:20 AM,,2011-12-15 10:35 AM,2011-12-15 10:43 AM,,734486
32399,quicktrip,AA-1434-DFW-MCO,2011-12-15 7:15 AM,2011-12-15 7:20 AM,,2011-12-15 10:35 AM,2011-12-15 10:43 AM,,734486
32400,world-flight-tracker,AA-1434-DFW-MCO,2011-12-15 7:15 AM,2011-12-15 7:20 AM,,2011-12-15 10:35 AM,2011-12-15 10:43 AM,,734486
32401,flightview,AA-1434-DFW-MCO,7:15 AM_ Dec 15,7:33 AM_ Dec 15,C20,10:35 AM_ Dec 15,10:38 AM_ Dec 15,17,734486
32402,panynj,AA-1434-DFW-MCO,7:15 AM_ Dec 15,7:33 AM_ Dec 15,C20,10:35 AM_ Dec 15,10:38 AM_ Dec 15,17,734486
32403,gofox,AA-1434-DFW-MCO,7:15 AM_ Dec 15,7:33 AM_ Dec 15,,10:35 AM_ Dec 15,10:38 AM_ Dec 15,,734486
32404,foxbusiness,AA-1434-DFW-MCO,7:15 AM_ Dec 15,7:33 AM_ Dec 15,C20,10:35 AM_ Dec 15,10:38 AM_ Dec 15,17,734486
32405,allegiantair,AA-1434-DFW-MCO,7:15 AM_ Dec 15,7:33 AM_ Dec 15,C20,10:35 AM_ Dec 15,10:38 AM_ Dec 15,17,734486
32406,boston,AA-1434-DFW-MCO,7:15 AM_ Dec 15,7:33 AM_ Dec 15,,10:35 AM_ Dec 15,10:38 AM_ Dec 15,,734486
32407,travelocity,AA-1434-DFW-MCO,Dec 15 - 7:15am,Dec 15 - 7:20am,C20/C,Dec 15 - 10:35am,Dec 15 - 10:43am,17,734486
32408,orbitz,AA-1434-DFW-MCO,7:15aDec 15,7:20aDec 15,C20,10:35aDec 15,10:43aDec 15,17,734486
32409,weather,AA-1434-DFW-MCO,2011-12-15 07:15 AM,2011-12-15 07:34 AM,,2011-12-15 10:35 AM,2011-12-15 10:44 AM,,734486
32410,mco,AA-1434-DFW-MCO,,,,2011-12-15 Thu  10:35,,17?,734486
32411,mytripandmore,AA-1434-DFW-MCO,7:15aDec 15,7:20aDec 15,C20,10:35aDec 15,10:43aDec 15,17,734486
32412,flightwise,AA-1434-DFW-MCO,2011-12-15 07:15AM CST,2011-12-15 07:34AM CST,C20,2011-12-15 10:25AM EST,2011-12-15 10:37AM EST,17,734486
32413,aa,AA-643-MIA-ORD,December 15_ 2011               07:10 AM,December 15_ 2011               07:08 AM,D3,December 15_ 2011               09:35 AM,December 15_ 2011               09:18 AM,H15,734486
32414,airtravelcenter,AA-643-MIA-ORD,,12/15/11 7:21 AM (-05:00),,,12/15/11 9:13 AM (-06:00),,734486
32415,myrateplan,AA-643-MIA-ORD,,12/15/11 7:21 AM (-05:00),,,12/15/11 9:13 AM (-06:00),,734486
32416,helloflight,AA-643-MIA-ORD,,12/15/11 7:21 AM (-05:00),,,12/15/11 9:13 AM (-06:00),,734486
32417,flytecomm,AA-643-MIA-ORD,,12/15/11 7:21 AM (-05:00),,,12/15/11 9:13 AM (-06:00),,734486
32418,flightaware,AA-643-MIA-ORD,2011-12-15 07:10AM EST,2011-12-15 07:21AM EST,D3,2011-12-15 09:21AM CST,2011-12-15 09:10AM CST,H15,734486
32419,wunderground,AA-643-MIA-ORD,2011-12-15 07:10AM EST,2011-12-15 07:21AM EST,D3,2011-12-15 09:21AM CST,2011-12-15 09:10AM CST,H15,734486
32420,flights,AA-643-MIA-ORD,07:10 AM  Thu 15-Dec-2011,07:08 AM  Thu 15-Dec-2011,D3,09:35 AM  Thu 15-Dec-2011,09:18 AM  Thu 15-Dec-2011,H15,734486
32421,businesstravellogue,AA-643-MIA-ORD,07:10 AM  Thu 15-Dec-2011,07:08 AM  Thu 15-Dec-2011,D3,09:35 AM  Thu 15-Dec-2011,09:18 AM  Thu 15-Dec-2011,H15,734486
32422,flylouisville,AA-643-MIA-ORD,07:10 AM  Thu 15-Dec-2011,07:08 AM  Thu 15-Dec-2011,D3,09:35 AM  Thu 15-Dec-2011,09:18 AM  Thu 15-Dec-2011,H15,734486
32423,flightstats,AA-643-MIA-ORD,2011-12-15 7:10 AM,2011-12-15 7:08 AM,,2011-12-15 9:35 AM,2011-12-15 9:18 AM,,734486
32424,quicktrip,AA-643-MIA-ORD,2011-12-15 7:10 AM,2011-12-15 7:08 AM,,2011-12-15 9:35 AM,2011-12-15 9:18 AM,,734486
32425,world-flight-tracker,AA-643-MIA-ORD,2011-12-15 7:10 AM,2011-12-15 7:08 AM,,2011-12-15 9:35 AM,2011-12-15 9:18 AM,,734486
32426,flightview,AA-643-MIA-ORD,7:10 AM_ Dec 15,7:21 AM_ Dec 15,Terminal D - D3,9:35 AM_ Dec 15,9:15 AM_ Dec 15,H15,734486
32427,panynj,AA-643-MIA-ORD,7:10 AM_ Dec 15,7:21 AM_ Dec 15,Terminal D - D3,9:35 AM_ Dec 15,9:15 AM_ Dec 15,H15,734486
32428,gofox,AA-643-MIA-ORD,7:10 AM_ Dec 15,7:21 AM_ Dec 15,,9:35 AM_ Dec 15,9:15 AM_ Dec 15,,734486
32429,foxbusiness,AA-643-MIA-ORD,7:10 AM_ Dec 15,7:21 AM_ Dec 15,Terminal D - D3,9:35 AM_ Dec 15,9:15 AM_ Dec 15,H15,734486
32430,allegiantair,AA-643-MIA-ORD,7:10 AM_ Dec 15,7:21 AM_ Dec 15,Terminal D - D3,9:35 AM_ Dec 15,9:15 AM_ Dec 15,H15,734486
32431,boston,AA-643-MIA-ORD,7:10 AM_ Dec 15,7:21 AM_ Dec 15,,9:35 AM_ Dec 15,9:15 AM_ Dec 15,,734486
32432,travelocity,AA-643-MIA-ORD,Dec 15 - 7:10am,Dec 15 - 7:08am,D3,Dec 15 - 9:35am,Dec 15 - 9:18am,H15/T3,734486
32433,orbitz,AA-643-MIA-ORD,7:10aDec 15,7:08aDec 15,D3,9:35aDec 15,9:18aDec 15,H15,734486
32434,weather,AA-643-MIA-ORD,2011-12-15 07:10 AM,2011-12-15 07:21 AM,,2011-12-15 09:35 AM,2011-12-15 09:09 AM,,734486
32435,ord,AA-643-MIA-ORD,2011-12-15 7:10 AM,,D3,2011-12-15 9:35 AM,,H15,734486
32436,mytripandmore,AA-643-MIA-ORD,7:10aDec 15,7:08aDec 15,D3,9:35aDec 15,9:18aDec 15,H15,734486
32437,ua,UA-1500-IAH-GUA,Thu_ Dec 15 8:50 AM,Thu_ Dec 15 9:15 AM            Delayed,E23,Thu_ Dec 15 11:43 AM,Thu_ Dec 15 12:32 PM,--,734486
32438,airtravelcenter,UA-1500-IAH-GUA,,12/15/11 10:01 AM (-06:00),,,12/15/11 12:22 PM (-06:00),,734486
32439,myrateplan,UA-1500-IAH-GUA,,12/15/11 10:01 AM (-06:00),,,12/15/11 12:22 PM (-06:00),,734486
32440,helloflight,UA-1500-IAH-GUA,,12/15/11 10:01 AM (-06:00),,,12/15/11 12:22 PM (-06:00),,734486
32441,flytecomm,UA-1500-IAH-GUA,,12/15/11 10:01 AM (-06:00),,,12/15/11 12:22 PM (-06:00),,734486
32442,flights,UA-1500-IAH-GUA,,2011-12-15 09:15 AM,23,,2011-12-15 11:43 AM,HOLD,734486
32443,businesstravellogue,UA-1500-IAH-GUA,,2011-12-15 09:15 AM,23,,2011-12-15 11:43 AM,HOLD,734486
32444,flylouisville,UA-1500-IAH-GUA,,2011-12-15 09:15 AM,23,,2011-12-15 11:43 AM,HOLD,734486
32445,flightview,UA-1500-IAH-GUA,,10:01 AMDec 15,,,12:32 PMDec 15,,734486
32446,panynj,UA-1500-IAH-GUA,,10:01 AMDec 15,,,12:32 PMDec 15,,734486
32447,gofox,UA-1500-IAH-GUA,,10:01 AMDec 15,,,12:32 PMDec 15,,734486
32448,foxbusiness,UA-1500-IAH-GUA,,10:01 AMDec 15,,,12:32 PMDec 15,,734486
32449,allegiantair,UA-1500-IAH-GUA,,10:01 AMDec 15,,,12:32 PMDec 15,,734486
32450,boston,UA-1500-IAH-GUA,,10:01 AMDec 15,,,12:32 PMDec 15,,734486
32451,orbitz,UA-1500-IAH-GUA,8:50aDec 15,9:15aDec 15,E23,1:21pDec 15,,-,734486
32452,aa,AA-1640-MIA-MCO,December 15_ 2011               06:30 PM,December 15_ 2011,D43,December 15_ 2011               07:25 PM,December 15_ 2011,14,734486
32453,flightexplorer,AA-1640-MIA-MCO,12/15/2011 6:30PM EST,,,12/15/2011 7:25PM EST,,,734486
32454,airtravelcenter,AA-1640-MIA-MCO,,12/15/11 6:48 PM (-05:00),,,12/15/11 7:26 PM (-05:00),,734486
32455,myrateplan,AA-1640-MIA-MCO,,12/15/11 6:48 PM (-05:00),,,12/15/11 7:26 PM (-05:00),,734486
32456,helloflight,AA-1640-MIA-MCO,,12/15/11 6:48 PM (-05:00),,,12/15/11 7:26 PM (-05:00),,734486
32457,flytecomm,AA-1640-MIA-MCO,,12/15/11 6:48 PM (-05:00),,,12/15/11 7:26 PM (-05:00),,734486
32458,flightaware,AA-1640-MIA-MCO,2011-12-15 06:30PM EST,2011-12-15 06:40PM EST,D43,2011-12-15 07:05PM EST,2011-12-15 07:15PM EST,14,734486
32459,wunderground,AA-1640-MIA-MCO,2011-12-15 06:30PM EST,2011-12-15 06:40PM EST,D43,2011-12-15 07:05PM EST,2011-12-15 07:15PM EST,14,734486
32460,flights,AA-1640-MIA-MCO,06:30 PM  Thu 15-Dec-2011,,D43,07:25 PM  Thu 15-Dec-2011,,14,734486
32461,businesstravellogue,AA-1640-MIA-MCO,06:30 PM  Thu 15-Dec-2011,,D43,07:25 PM  Thu 15-Dec-2011,,14,734486
32462,flylouisville,AA-1640-MIA-MCO,06:30 PM  Thu 15-Dec-2011,,D43,07:25 PM  Thu 15-Dec-2011,,14,734486
32463,flightstats,AA-1640-MIA-MCO,2011-12-15 6:30 PM,2011-12-15 6:30 PM (Estimated),,2011-12-15 7:25 PM,2011-12-15 7:25 PM (Estimated),,734486
32464,quicktrip,AA-1640-MIA-MCO,2011-12-15 6:30 PM,2011-12-15 6:30 PM (Estimated),,2011-12-15 7:25 PM,2011-12-15 7:25 PM (Estimated),,734486
32465,world-flight-tracker,AA-1640-MIA-MCO,2011-12-15 6:30 PM,2011-12-15 6:30 PM (Estimated),,2011-12-15 7:25 PM,2011-12-15 7:25 PM (Estimated),,734486
32466,flightview,AA-1640-MIA-MCO,6:30 PM_ Dec 15,,,7:25 PM_ Dec 15,,,734486
32467,panynj,AA-1640-MIA-MCO,6:30 PM_ Dec 15,,,7:25 PM_ Dec 15,,,734486
32468,gofox,AA-1640-MIA-MCO,6:30 PM_ Dec 15,,,7:25 PM_ Dec 15,,,734486
32469,foxbusiness,AA-1640-MIA-MCO,6:30 PM_ Dec 15,,,7:25 PM_ Dec 15,,,734486
32470,allegiantair,AA-1640-MIA-MCO,6:30 PM_ Dec 15,,,7:25 PM_ Dec 15,,,734486
32471,boston,AA-1640-MIA-MCO,6:30 PM_ Dec 15,Not Available,,7:25 PM_ Dec 15,Not Available,,734486
32472,travelocity,AA-1640-MIA-MCO,Dec 15 - 6:30pm,Dec 15 - Not Available,D43,Dec 15 - 7:25pm,Dec 15 - Not Available,14,734486
32473,orbitz,AA-1640-MIA-MCO,6:30pDec 15,,D43,7:25pDec 15,,14,734486
32474,weather,AA-1640-MIA-MCO,2011-12-15 06:30 PM,2011-12-15 06:42 PM,,2011-12-15 07:25 PM,2011-12-15 07:19 PM,,734486
32475,mco,AA-1640-MIA-MCO,,,,2011-12-15 Thu  19:25,,14?,734486
32476,usatoday,AA-1640-MIA-MCO,6:30 PM_ Dec 15,Not Available,,7:25 PM_ Dec 15,Not Available,,734486
32477,mytripandmore,AA-1640-MIA-MCO,Dec 15 - 6:30pm,Dec 15 - Not Available,D43,Dec 15 - 7:25pm,Dec 15 - Not Available,14,734486
32478,CO,CO-1614-LAX-IAH,Thu._ Dec.15_ 2011 12:30 a.m.,Thu._ Dec.15_ 2011 12:52 a.m.,,Thu._ Dec.15_ 2011 5:36 a.m.,Thu._ Dec.15_ 2011 5:50 a.m.,,734486
32479,flightexplorer,CO-1614-LAX-IAH,,12/15/2011 1:03AM PST,,,12/15/2011 5:44AM CST,,734486
32480,airtravelcenter,CO-1614-LAX-IAH,12/15/11 12:30 AM (-08:00),,,12/15/11 5:36 AM (-06:00),,,734486
32481,myrateplan,CO-1614-LAX-IAH,12/15/11 12:30 AM (-08:00),,,12/15/11 5:36 AM (-06:00),,,734486
32482,helloflight,CO-1614-LAX-IAH,12/15/11 12:30 AM (-08:00),,,12/15/11 5:36 AM (-06:00),,,734486
32483,flytecomm,CO-1614-LAX-IAH,12/15/11 12:30 AM (-08:00),,,12/15/11 5:36 AM (-06:00),,,734486
32484,flightaware,CO-1614-LAX-IAH,2011-12-15 12:30AM PST,2011-12-15 01:03AM PST,62,2011-12-15 05:26AM CST,2011-12-15 05:33AM CST,43,734486
32485,wunderground,CO-1614-LAX-IAH,2011-12-15 12:30AM PST,2011-12-15 01:03AM PST,62,2011-12-15 05:26AM CST,2011-12-15 05:33AM CST,43,734486
32486,flights,CO-1614-LAX-IAH,12:30 AM  Thu 15-Dec-2011,12:52 AM  Thu 15-Dec-2011,62,05:36 AM  Thu 15-Dec-2011,05:50 AM  Thu 15-Dec-2011,43,734486
32487,businesstravellogue,CO-1614-LAX-IAH,12:30 AM  Thu 15-Dec-2011,12:52 AM  Thu 15-Dec-2011,62,05:36 AM  Thu 15-Dec-2011,05:50 AM  Thu 15-Dec-2011,43,734486
32488,flylouisville,CO-1614-LAX-IAH,12:30 AM  Thu 15-Dec-2011,12:52 AM  Thu 15-Dec-2011,62,05:36 AM  Thu 15-Dec-2011,05:50 AM  Thu 15-Dec-2011,43,734486
32489,flightstats,CO-1614-LAX-IAH,2011-12-15 12:30 AM,2011-12-15 12:52 AM,,2011-12-15 5:36 AM,2011-12-15 5:50 AM,,734486
32490,quicktrip,CO-1614-LAX-IAH,2011-12-15 12:30 AM,2011-12-15 12:52 AM,,2011-12-15 5:36 AM,2011-12-15 5:50 AM,,734486
32491,world-flight-tracker,CO-1614-LAX-IAH,2011-12-15 12:30 AM,2011-12-15 12:52 AM,,2011-12-15 5:36 AM,2011-12-15 5:50 AM,,734486
32492,flightview,CO-1614-LAX-IAH,12:30 AM_ Dec 15,1:04 AM_ Dec 15,Term 6 - 62,5:36 AM_ Dec 15,5:50 AM_ Dec 15,Term C - C43,734486
32493,panynj,CO-1614-LAX-IAH,12:30 AM_ Dec 15,1:04 AM_ Dec 15,Term 6 - 62,5:36 AM_ Dec 15,5:50 AM_ Dec 15,Term C - C43,734486
32494,gofox,CO-1614-LAX-IAH,12:30 AM_ Dec 15,1:04 AM_ Dec 15,,5:36 AM_ Dec 15,5:50 AM_ Dec 15,,734486
32495,foxbusiness,CO-1614-LAX-IAH,12:30 AM_ Dec 15,1:04 AM_ Dec 15,Term 6 - 62,5:36 AM_ Dec 15,5:50 AM_ Dec 15,Term C - C43,734486
32496,allegiantair,CO-1614-LAX-IAH,12:30 AM_ Dec 15,1:04 AM_ Dec 15,Term 6 - 62,5:36 AM_ Dec 15,5:50 AM_ Dec 15,Term C - C43,734486
32497,boston,CO-1614-LAX-IAH,12:30 AM_ Dec 15,1:04 AM_ Dec 15,,5:36 AM_ Dec 15,5:46 AM_ Dec 15,,734486
32498,travelocity,CO-1614-LAX-IAH,Dec 15 - 12:30am,Dec 15 - 12:52am,62,Dec 15 - 5:36am,Dec 15 - 5:50am,C-43,734486
32499,orbitz,CO-1614-LAX-IAH,12:30aDec 15,12:52aDec 15,62,5:36aDec 15,5:50aDec 15,43,734486
32500,weather,CO-1614-LAX-IAH,2011-12-15 12:30 AM,,,2011-12-15 05:36 AM,,,734486
32501,usatoday,CO-1614-LAX-IAH,2011-12-15 12:30 AM,,,2011-12-15 05:36 AM,,,734486
32502,mytripandmore,CO-1614-LAX-IAH,Dec 15 - 12:30am,Dec 15 - 12:52am,62,Dec 15 - 5:36am,Dec 15 - 5:50am,C-43,734486
32503,flightarrival,CO-1614-LAX-IAH,12:30 AM_ Dec 15,1:04 AM_ Dec 15,,5:36 AM_ Dec 15,5:46 AM_ Dec 15,,734486
32504,ua,UA-233-LAX-JFK,Thu_ Dec 15 4:25 PM,Thu_ Dec 15 4:25 PM,73,Fri_ Dec 16 12:44 AM,Fri_ Dec 16 12:44 AM,9,734486
32505,airtravelcenter,UA-233-LAX-JFK,,12/15/11 4:29 PM (-08:00),,,12/15/11 11:56 PM (-05:00),,734486
32506,myrateplan,UA-233-LAX-JFK,,12/15/11 4:29 PM (-08:00),,,12/15/11 11:56 PM (-05:00),,734486
32507,helloflight,UA-233-LAX-JFK,,12/15/11 4:29 PM (-08:00),,,12/15/11 11:56 PM (-05:00),,734486
32508,flytecomm,UA-233-LAX-JFK,,12/15/11 4:29 PM (-08:00),,,12/15/11 11:56 PM (-05:00),,734486
32509,flightaware,UA-233-LAX-JFK,2011-12-15 04:25PM PST,2011-12-15 04:35PM PST,73,2011-12-15 12:24AM EST,2011-12-15 12:34AM EST,9,734486
32510,wunderground,UA-233-LAX-JFK,2011-12-15 04:25PM PST,2011-12-15 04:35PM PST,73,2011-12-15 12:24AM EST,2011-12-15 12:34AM EST,9,734486
32511,flights,UA-233-LAX-JFK,04:25 PM  Thu 15-Dec-2011,,,12:44 AM  Fri 16-Dec-2011,,,734486
32512,businesstravellogue,UA-233-LAX-JFK,04:25 PM  Thu 15-Dec-2011,,,12:44 AM  Fri 16-Dec-2011,,,734486
32513,flylouisville,UA-233-LAX-JFK,04:25 PM  Thu 15-Dec-2011,,,12:44 AM  Fri 16-Dec-2011,,,734486
32514,flightstats,UA-233-LAX-JFK,2011-12-15 4:25 PM,2011-12-15 4:29 PM (Estimated runway),,2011-12-15 12:44 AM,2011-12-15 11:56 PM (Estimated runway),,734486
32515,quicktrip,UA-233-LAX-JFK,2011-12-15 4:25 PM,2011-12-15 4:29 PM (Estimated runway),,2011-12-15 12:44 AM,2011-12-15 11:56 PM (Estimated runway),,734486
32516,world-flight-tracker,UA-233-LAX-JFK,2011-12-15 4:25 PM,2011-12-15 4:29 PM (Estimated runway),,2011-12-15 12:44 AM,2011-12-15 11:56 PM (Estimated runway),,734486
32517,flightview,UA-233-LAX-JFK,4:25 PM_ Dec 15,,73,12:44 AM_ Dec 16,,9,734486
32518,panynj,UA-233-LAX-JFK,4:25 PM_ Dec 15,,73,12:44 AM_ Dec 16,,9,734486
32519,gofox,UA-233-LAX-JFK,4:25 PM_ Dec 15,,,12:44 AM_ Dec 16,,,734486
32520,foxbusiness,UA-233-LAX-JFK,4:25 PM_ Dec 15,,73,12:44 AM_ Dec 16,,9,734486
32521,allegiantair,UA-233-LAX-JFK,4:25 PM_ Dec 15,,73,12:44 AM_ Dec 16,,9,734486
32522,boston,UA-233-LAX-JFK,4:25 PM_ Dec 15,Not Available,,12:44 AM_ Dec 16,Not Available,,734486
32523,travelocity,UA-233-LAX-JFK,Dec 15 - 4:25pm,Dec 15 - Not Available,73,Dec 15 - 12:44am,Dec 15 - Not Available,9,734486
32524,orbitz,UA-233-LAX-JFK,4:25pDec 15,,73,12:44aDec 16,,9,734486
32525,weather,UA-233-LAX-JFK,2011-12-15 04:25 PM,2011-12-15 04:34 PM,,2011-12-15 12:44 AM,2011-12-15 12:08 AM,,734486
32526,ifly,UA-233-LAX-JFK,2011-12-15 4:25 PM,2011-12-15 4:29 PM (Estimated runway),,2011-12-15 12:44 AM,2011-12-15 11:56 PM (Estimated runway),,734486
32527,flightwise,UA-233-LAX-JFK,2011-12-15 04:25PM PST,2011-12-15 04:35PM PST,73,2011-12-15 12:24AM EST,2011-12-15 12:34AM EST,9,734486
32528,aa,AA-466-IAH-MIA,December 15_ 2011               06:00 AM,December 15_ 2011               06:01 AM,A27,December 15_ 2011               09:20 AM,December 15_ 2011               09:17 AM,D19,734486
32529,airtravelcenter,AA-466-IAH-MIA,,12/15/11 6:15 AM (-06:00),,,12/15/11 9:13 AM (-05:00),,734486
32530,myrateplan,AA-466-IAH-MIA,,12/15/11 6:15 AM (-06:00),,,12/15/11 9:13 AM (-05:00),,734486
32531,helloflight,AA-466-IAH-MIA,,12/15/11 6:15 AM (-06:00),,,12/15/11 9:13 AM (-05:00),,734486
32532,flytecomm,AA-466-IAH-MIA,,12/15/11 6:15 AM (-06:00),,,12/15/11 9:13 AM (-05:00),,734486
32533,flightaware,AA-466-IAH-MIA,2011-12-15 06:00AM CST,2011-12-15 06:15AM CST,A27,2011-12-15 09:12AM EST,2011-12-15 09:11AM EST,D19,734486
32534,wunderground,AA-466-IAH-MIA,2011-12-15 06:00AM CST,2011-12-15 06:15AM CST,A27,2011-12-15 09:12AM EST,2011-12-15 09:11AM EST,D19,734486
32535,flights,AA-466-IAH-MIA,06:00 AM  Thu 15-Dec-2011,06:01 AM  Thu 15-Dec-2011,27,09:20 AM  Thu 15-Dec-2011,09:17 AM  Thu 15-Dec-2011,D19,734486
32536,businesstravellogue,AA-466-IAH-MIA,06:00 AM  Thu 15-Dec-2011,06:01 AM  Thu 15-Dec-2011,27,09:20 AM  Thu 15-Dec-2011,09:17 AM  Thu 15-Dec-2011,D19,734486
32537,flylouisville,AA-466-IAH-MIA,06:00 AM  Thu 15-Dec-2011,06:01 AM  Thu 15-Dec-2011,27,09:20 AM  Thu 15-Dec-2011,09:17 AM  Thu 15-Dec-2011,D19,734486
32538,flightstats,AA-466-IAH-MIA,2011-12-15 6:00 AM,2011-12-15 6:01 AM,,2011-12-15 9:20 AM,2011-12-15 9:17 AM,,734486
32539,quicktrip,AA-466-IAH-MIA,2011-12-15 6:00 AM,2011-12-15 6:01 AM,,2011-12-15 9:20 AM,2011-12-15 9:17 AM,,734486
32540,world-flight-tracker,AA-466-IAH-MIA,2011-12-15 6:00 AM,2011-12-15 6:01 AM,,2011-12-15 9:20 AM,2011-12-15 9:17 AM,,734486
32541,flightview,AA-466-IAH-MIA,6:00 AM_ Dec 15,6:15 AM_ Dec 15,A27,9:20 AM_ Dec 15,9:17 AM_ Dec 15,Terminal D - D19,734486
32542,panynj,AA-466-IAH-MIA,6:00 AM_ Dec 15,6:15 AM_ Dec 15,A27,9:20 AM_ Dec 15,9:17 AM_ Dec 15,Terminal D - D19,734486
32543,gofox,AA-466-IAH-MIA,6:00 AM_ Dec 15,6:15 AM_ Dec 15,,9:20 AM_ Dec 15,9:17 AM_ Dec 15,,734486
32544,foxbusiness,AA-466-IAH-MIA,6:00 AM_ Dec 15,6:15 AM_ Dec 15,A27,9:20 AM_ Dec 15,9:17 AM_ Dec 15,Terminal D - D19,734486
32545,allegiantair,AA-466-IAH-MIA,6:00 AM_ Dec 15,6:15 AM_ Dec 15,A27,9:20 AM_ Dec 15,9:17 AM_ Dec 15,Terminal D - D19,734486
32546,boston,AA-466-IAH-MIA,6:00 AM_ Dec 15,6:15 AM_ Dec 15,,9:20 AM_ Dec 15,9:11 AM_ Dec 15,,734486
32547,travelocity,AA-466-IAH-MIA,Dec 15 - 6:00am,Dec 15 - 6:01am,A27,Dec 15 - 9:20am,Dec 15 - 9:17am,D19,734486
32548,orbitz,AA-466-IAH-MIA,6:00aDec 15,6:01aDec 15,A27,9:20aDec 15,9:17aDec 15,D19,734486
32549,weather,AA-466-IAH-MIA,2011-12-15 06:00 AM,2011-12-15 06:15 AM,,2011-12-15 09:20 AM,2011-12-15 09:13 AM,,734486
32550,mia,AA-466-IAH-MIA,,,,9:20A 12-15-11,2011-12-15  9:17A,,734486
32551,usatoday,AA-466-IAH-MIA,2011-12-15 06:00 AM,2011-12-15 06:15 AM,,2011-12-15 09:20 AM,2011-12-15 09:13 AM,,734486
32552,mytripandmore,AA-466-IAH-MIA,6:00aDec 15,6:01aDec 15,A27,9:20aDec 15,9:17aDec 15,D19,734486
32553,flightarrival,AA-466-IAH-MIA,6:00 AM_ Dec 15,6:15 AM_ Dec 15,,9:20 AM_ Dec 15,9:11 AM_ Dec 15,,734486
32554,aa,AA-1522-SFO-ORD,December 15_ 2011               11:55 PM,December 15_ 2011,57,December 16_ 2011               05:50 AM,December 16_ 2011,H10,734486
32555,flightexplorer,AA-1522-SFO-ORD,,12/15/2011 1:32AM PST,,,12/15/2011 7:20AM CST,,734486
32556,flightexplorer,AA-1522-SFO-ORD,12/15/2011 11:55PM PST,,,12/16/2011 5:50AM CST,,,734486
32557,airtravelcenter,AA-1522-SFO-ORD,,12/15/11 1:32 AM (-08:00),,,12/15/11 7:20 AM (-06:00),,734486
32558,myrateplan,AA-1522-SFO-ORD,,12/15/11 1:32 AM (-08:00),,,12/15/11 7:20 AM (-06:00),,734486
32559,helloflight,AA-1522-SFO-ORD,,12/15/11 1:32 AM (-08:00),,,12/15/11 7:20 AM (-06:00),,734486
32560,flytecomm,AA-1522-SFO-ORD,,12/15/11 1:32 AM (-08:00),,,12/15/11 7:20 AM (-06:00),,734486
32561,flightaware,AA-1522-SFO-ORD,2011-12-15 11:55PM PST,2011-12-15 01:40AM PST,58A,2011-12-15 05:40AM CST,2011-12-15 07:17AM CST,H12,734486
32562,wunderground,AA-1522-SFO-ORD,2011-12-15 11:55PM PST,2011-12-15 01:40AM PST,58A,2011-12-15 05:40AM CST,2011-12-15 07:17AM CST,H12,734486
32563,flights,AA-1522-SFO-ORD,11:55 PM  Thu 15-Dec-2011,,,05:50 AM  Fri 16-Dec-2011,,,734486
32564,businesstravellogue,AA-1522-SFO-ORD,11:55 PM  Thu 15-Dec-2011,,,05:50 AM  Fri 16-Dec-2011,,,734486
32565,flylouisville,AA-1522-SFO-ORD,11:55 PM  Thu 15-Dec-2011,,,05:50 AM  Fri 16-Dec-2011,,,734486
32566,flightstats,AA-1522-SFO-ORD,2011-12-15 11:55 PM,2011-12-15 12:09 AM (Estimated runway),,2011-12-15 5:50 AM,2011-12-15 5:44 AM (Estimated runway),,734486
32567,quicktrip,AA-1522-SFO-ORD,2011-12-15 11:55 PM,2011-12-15 12:09 AM (Estimated runway),,2011-12-15 5:50 AM,2011-12-15 5:44 AM (Estimated runway),,734486
32568,world-flight-tracker,AA-1522-SFO-ORD,2011-12-15 11:55 PM,2011-12-15 12:09 AM (Estimated runway),,2011-12-15 5:50 AM,2011-12-15 5:44 AM (Estimated runway),,734486
32569,flightview,AA-1522-SFO-ORD,11:55 PM_ Dec 15,,Terminal 2 - 57,5:50 AM_ Dec 16,,Terminal 3 - H10,734486
32570,panynj,AA-1522-SFO-ORD,11:55 PM_ Dec 15,,Terminal 2 - 57,5:50 AM_ Dec 16,,Terminal 3 - H10,734486
32571,gofox,AA-1522-SFO-ORD,11:55 PM_ Dec 15,,,5:50 AM_ Dec 16,,,734486
32572,foxbusiness,AA-1522-SFO-ORD,11:55 PM_ Dec 15,,Terminal 2 - 57,5:50 AM_ Dec 16,,Terminal 3 - H10,734486
32573,allegiantair,AA-1522-SFO-ORD,11:55 PM_ Dec 15,,Terminal 2 - 57,5:50 AM_ Dec 16,,Terminal 3 - H10,734486
32574,boston,AA-1522-SFO-ORD,11:55 PMDec 15,,,5:50 AMDec 16,,,734486
32575,boston,AA-1522-SFO-ORD,,1:41 AMDec 15,,,7:22 AMDec 15,,734486
32576,travelocity,AA-1522-SFO-ORD,Dec 15 - 11:55pm,Dec 15 - Not Available,57,Dec 16 - 5:50am,Dec 16 - Not Available,H10/T3,734486
32577,orbitz,AA-1522-SFO-ORD,11:55pDec 15,,57,5:50aDec 16,,H10,734486
32578,weather,AA-1522-SFO-ORD,2011-12-15 11:55 PM,2011-12-15 01:32 AM,,2011-12-15 05:50 AM,2011-12-15 07:17 AM,,734486
32579,usatoday,AA-1522-SFO-ORD,,1:41 AMDec 15,,,7:22 AMDec 15,,734486
32580,mytripandmore,AA-1522-SFO-ORD,Dec 15 - 11:55pm,Dec 15 - Not Available,57,Dec 16 - 5:50am,Dec 16 - Not Available,H10/T3,734486
32581,flightarrival,AA-1522-SFO-ORD,,1:41 AMDec 15,,,7:22 AMDec 15,,734486
32582,aa,AA-3859-IAH-ORD,December 15_ 2011               07:10 AM,December 15_ 2011               07:09 AM,A29,December 15_ 2011               09:40 AM,December 15_ 2011               09:27 AM,G13,734486
32583,flightexplorer,AA-3859-IAH-ORD,,12/15/2011 7:26AM CST,,,12/15/2011 9:23AM CST,,734486
32584,airtravelcenter,AA-3859-IAH-ORD,,12/15/11 7:26 AM (-06:00),,,12/15/11 9:23 AM (-06:00),,734486
32585,myrateplan,AA-3859-IAH-ORD,,12/15/11 7:26 AM (-06:00),,,12/15/11 9:23 AM (-06:00),,734486
32586,helloflight,AA-3859-IAH-ORD,,12/15/11 7:26 AM (-06:00),,,12/15/11 9:23 AM (-06:00),,734486
32587,flytecomm,AA-3859-IAH-ORD,,12/15/11 7:26 AM (-06:00),,,12/15/11 9:23 AM (-06:00),,734486
32588,flightaware,AA-3859-IAH-ORD,2011-12-15 07:10AM CST,2011-12-15 07:26AM CST,A29,2011-12-15 09:13AM CST,2011-12-15 09:21AM CST,G13,734486
32589,wunderground,AA-3859-IAH-ORD,2011-12-15 07:10AM CST,2011-12-15 07:26AM CST,A29,2011-12-15 09:13AM CST,2011-12-15 09:21AM CST,G13,734486
32590,flights,AA-3859-IAH-ORD,07:10 AM  Thu 15-Dec-2011,07:09 AM  Thu 15-Dec-2011,29,09:40 AM  Thu 15-Dec-2011,09:27 AM  Thu 15-Dec-2011,G13,734486
32591,businesstravellogue,AA-3859-IAH-ORD,07:10 AM  Thu 15-Dec-2011,07:09 AM  Thu 15-Dec-2011,29,09:40 AM  Thu 15-Dec-2011,09:27 AM  Thu 15-Dec-2011,G13,734486
32592,flylouisville,AA-3859-IAH-ORD,07:10 AM  Thu 15-Dec-2011,07:09 AM  Thu 15-Dec-2011,29,09:40 AM  Thu 15-Dec-2011,09:27 AM  Thu 15-Dec-2011,G13,734486
32593,flightstats,AA-3859-IAH-ORD,2011-12-15 7:10 AM,2011-12-15 7:09 AM,,2011-12-15 9:40 AM,2011-12-15 9:27 AM,,734486
32594,quicktrip,AA-3859-IAH-ORD,2011-12-15 7:10 AM,2011-12-15 7:09 AM,,2011-12-15 9:40 AM,2011-12-15 9:27 AM,,734486
32595,world-flight-tracker,AA-3859-IAH-ORD,2011-12-15 7:10 AM,2011-12-15 7:09 AM,,2011-12-15 9:40 AM,2011-12-15 9:27 AM,,734486
32596,flightview,AA-3859-IAH-ORD,7:10 AM_ Dec 15,7:26 AM_ Dec 15,A29,9:40 AM_ Dec 15,9:26 AM_ Dec 15,Terminal 3,734486
32597,panynj,AA-3859-IAH-ORD,7:10 AM_ Dec 15,7:26 AM_ Dec 15,A29,9:40 AM_ Dec 15,9:26 AM_ Dec 15,Terminal 3,734486
32598,gofox,AA-3859-IAH-ORD,7:10 AM_ Dec 15,7:26 AM_ Dec 15,,9:40 AM_ Dec 15,9:26 AM_ Dec 15,,734486
32599,foxbusiness,AA-3859-IAH-ORD,7:10 AM_ Dec 15,7:26 AM_ Dec 15,A29,9:40 AM_ Dec 15,9:26 AM_ Dec 15,Terminal 3,734486
32600,allegiantair,AA-3859-IAH-ORD,7:10 AM_ Dec 15,7:26 AM_ Dec 15,A29,9:40 AM_ Dec 15,9:26 AM_ Dec 15,Terminal 3,734486
32601,boston,AA-3859-IAH-ORD,7:10 AM_ Dec 15,7:26 AM_ Dec 15,,9:40 AM_ Dec 15,9:26 AM_ Dec 15,,734486
32602,travelocity,AA-3859-IAH-ORD,Dec 15 - 7:10am,Dec 15 - 7:09am,A29,Dec 15 - 9:40am,Dec 15 - 9:27am,G13/T3,734486
32603,orbitz,AA-3859-IAH-ORD,7:10aDec 15,7:09aDec 15,A29,9:40aDec 15,9:27aDec 15,G13,734486
32604,weather,AA-3859-IAH-ORD,2011-12-15 07:10 AM,,,2011-12-15 09:40 AM,,,734486
32605,ord,AA-3859-IAH-ORD,2011-12-15 7:10 AM,,29,2011-12-15 9:40 AM,,G13,734486
32606,mytripandmore,AA-3859-IAH-ORD,7:10aDec 15,7:09aDec 15,A29,9:40aDec 15,9:27aDec 15,G13,734486
32607,flightarrival,AA-3859-IAH-ORD,2011-12-15 07:10 AM,,,2011-12-15 09:40 AM,,,734486
32608,aa,AA-404-MIA-MCO,December 15_ 2011               06:45 AM,December 15_ 2011               06:41 AM,E5,December 15_ 2011               07:45 AM,December 15_ 2011               07:43 AM,15,734486
32609,flightexplorer,AA-404-MIA-MCO,,12/15/2011 6:57AM EST,,,12/15/2011 7:29AM EST,,734486
32610,airtravelcenter,AA-404-MIA-MCO,,12/15/11 6:57 AM (-05:00),,,12/15/11 7:29 AM (-05:00),,734486
32611,myrateplan,AA-404-MIA-MCO,,12/15/11 6:57 AM (-05:00),,,12/15/11 7:29 AM (-05:00),,734486
32612,helloflight,AA-404-MIA-MCO,,12/15/11 6:57 AM (-05:00),,,12/15/11 7:29 AM (-05:00),,734486
32613,flytecomm,AA-404-MIA-MCO,,12/15/11 6:57 AM (-05:00),,,12/15/11 7:29 AM (-05:00),,734486
32614,flightaware,AA-404-MIA-MCO,2011-12-15 06:45AM EST,2011-12-15 06:57AM EST,E5,2011-12-15 07:36AM EST,2011-12-15 07:37AM EST,15,734486
32615,wunderground,AA-404-MIA-MCO,2011-12-15 06:45AM EST,2011-12-15 06:57AM EST,E5,2011-12-15 07:36AM EST,2011-12-15 07:37AM EST,15,734486
32616,flights,AA-404-MIA-MCO,06:45 AM  Thu 15-Dec-2011,06:41 AM  Thu 15-Dec-2011,E5,07:45 AM  Thu 15-Dec-2011,07:43 AM  Thu 15-Dec-2011,15,734486
32617,businesstravellogue,AA-404-MIA-MCO,06:45 AM  Thu 15-Dec-2011,06:41 AM  Thu 15-Dec-2011,E5,07:45 AM  Thu 15-Dec-2011,07:43 AM  Thu 15-Dec-2011,15,734486
32618,flylouisville,AA-404-MIA-MCO,06:45 AM  Thu 15-Dec-2011,06:41 AM  Thu 15-Dec-2011,E5,07:45 AM  Thu 15-Dec-2011,07:43 AM  Thu 15-Dec-2011,15,734486
32619,flightstats,AA-404-MIA-MCO,2011-12-15 6:45 AM,2011-12-15 6:41 AM,,2011-12-15 7:45 AM,2011-12-15 7:43 AM,,734486
32620,quicktrip,AA-404-MIA-MCO,2011-12-15 6:45 AM,2011-12-15 6:41 AM,,2011-12-15 7:45 AM,2011-12-15 7:43 AM,,734486
32621,world-flight-tracker,AA-404-MIA-MCO,2011-12-15 6:45 AM,2011-12-15 6:41 AM,,2011-12-15 7:45 AM,2011-12-15 7:43 AM,,734486
32622,flightview,AA-404-MIA-MCO,6:45 AM_ Dec 15,6:57 AM_ Dec 15,Terminal E - E5,7:45 AM_ Dec 15,7:37 AM_ Dec 15,15,734486
32623,panynj,AA-404-MIA-MCO,6:45 AM_ Dec 15,6:57 AM_ Dec 15,Terminal E - E5,7:45 AM_ Dec 15,7:37 AM_ Dec 15,15,734486
32624,gofox,AA-404-MIA-MCO,6:45 AM_ Dec 15,6:57 AM_ Dec 15,,7:45 AM_ Dec 15,7:37 AM_ Dec 15,,734486
32625,foxbusiness,AA-404-MIA-MCO,6:45 AM_ Dec 15,6:57 AM_ Dec 15,Terminal E - E5,7:45 AM_ Dec 15,7:37 AM_ Dec 15,15,734486
32626,allegiantair,AA-404-MIA-MCO,6:45 AM_ Dec 15,6:57 AM_ Dec 15,Terminal E - E5,7:45 AM_ Dec 15,7:37 AM_ Dec 15,15,734486
32627,boston,AA-404-MIA-MCO,6:45 AM_ Dec 15,6:57 AM_ Dec 15,,7:45 AM_ Dec 15,7:37 AM_ Dec 15,,734486
32628,travelocity,AA-404-MIA-MCO,Dec 15 - 6:45am,Dec 15 - 6:41am,E5,Dec 15 - 7:45am,Dec 15 - 7:43am,15,734486
32629,orbitz,AA-404-MIA-MCO,6:45aDec 15,6:41aDec 15,E5,7:45aDec 15,7:43aDec 15,15,734486
32630,weather,AA-404-MIA-MCO,2011-12-15 06:45 AM,2011-12-15 06:57 AM,,2011-12-15 07:45 AM,2011-12-15 07:37 AM,,734486
32631,mco,AA-404-MIA-MCO,,,,2011-12-15 Thu  07:45,2011-12-15 Thu  07:41,15?,734486
32632,mytripandmore,AA-404-MIA-MCO,6:45aDec 15,6:41aDec 15,E5,7:45aDec 15,7:43aDec 15,15,734486
32633,flightarrival,AA-404-MIA-MCO,2011-12-15 06:45 AM,2011-12-15 06:57 AM,,2011-12-15 07:45 AM,2011-12-15 07:37 AM,,734486
32634,ua,UA-248-PHX-ORD,Thu_ Dec 15 12:52 PM,Thu_ Dec 15 12:52 PM            On Time,3,Thu_ Dec 15 5:13 PM,Thu_ Dec 15 5:08 PM,B7,734486
32635,airtravelcenter,UA-248-PHX-ORD,,12/15/11 1:04 PM (-07:00),,,12/15/11 5:02 PM (-06:00),,734486
32636,myrateplan,UA-248-PHX-ORD,,12/15/11 1:04 PM (-07:00),,,12/15/11 5:02 PM (-06:00),,734486
32637,helloflight,UA-248-PHX-ORD,,12/15/11 1:04 PM (-07:00),,,12/15/11 5:02 PM (-06:00),,734486
32638,flytecomm,UA-248-PHX-ORD,,12/15/11 1:04 PM (-07:00),,,12/15/11 5:02 PM (-06:00),,734486
32639,flights,UA-248-PHX-ORD,2011-12-15 12:52 PM,,3,2011-12-15 05:13 PM,,B7,734486
32640,businesstravellogue,UA-248-PHX-ORD,2011-12-15 12:52 PM,,3,2011-12-15 05:13 PM,,B7,734486
32641,flylouisville,UA-248-PHX-ORD,2011-12-15 12:52 PM,,3,2011-12-15 05:13 PM,,B7,734486
32642,flightview,UA-248-PHX-ORD,12:52 PMDec 15,,,5:08 PMDec 15,,,734486
32643,panynj,UA-248-PHX-ORD,12:52 PMDec 15,,,5:08 PMDec 15,,,734486
32644,gofox,UA-248-PHX-ORD,12:52 PMDec 15,,,5:08 PMDec 15,,,734486
32645,foxbusiness,UA-248-PHX-ORD,12:52 PMDec 15,,,5:08 PMDec 15,,,734486
32646,allegiantair,UA-248-PHX-ORD,12:52 PMDec 15,,,5:08 PMDec 15,,,734486
32647,boston,UA-248-PHX-ORD,12:52 PMDec 15,,,4:50 PMDec 15,,,734486
32648,orbitz,UA-248-PHX-ORD,12:52pDec 15,,3,5:03pDec 15,,B7,734486
32649,mytripandmore,UA-248-PHX-ORD,12:52pDec 15,,3,5:03pDec 15,,B7,734486
32650,aa,AA-3823-LAX-DEN,December 15_ 2011               09:00 PM,December 15_ 2011,44F,December 16_ 2011               12:15 AM,December 16_ 2011,A49,734486
32651,flightexplorer,AA-3823-LAX-DEN,12/15/2011 9:00PM PST,,,12/16/2011 12:15AM MST,,,734486
32652,airtravelcenter,AA-3823-LAX-DEN,,12/15/11 9:09 PM (-08:00),,,12/15/11 11:58 PM (-07:00),,734486
32653,myrateplan,AA-3823-LAX-DEN,,12/15/11 9:09 PM (-08:00),,,12/15/11 11:58 PM (-07:00),,734486
32654,helloflight,AA-3823-LAX-DEN,,12/15/11 9:09 PM (-08:00),,,12/15/11 11:58 PM (-07:00),,734486
32655,flytecomm,AA-3823-LAX-DEN,,12/15/11 9:09 PM (-08:00),,,12/15/11 11:58 PM (-07:00),,734486
32656,flightaware,AA-3823-LAX-DEN,2011-12-15 09:00PM PST,2011-12-15 09:08PM PST,44J,2011-12-15 11:55PM MST,2011-12-15 12:05AM MST,A49,734486
32657,wunderground,AA-3823-LAX-DEN,2011-12-15 09:00PM PST,2011-12-15 09:08PM PST,44J,2011-12-15 11:55PM MST,2011-12-15 12:05AM MST,A49,734486
32658,flights,AA-3823-LAX-DEN,09:00 PM  Thu 15-Dec-2011,,44,12:15 AM  Fri 16-Dec-2011,,A49,734486
32659,businesstravellogue,AA-3823-LAX-DEN,09:00 PM  Thu 15-Dec-2011,,44,12:15 AM  Fri 16-Dec-2011,,A49,734486
32660,flylouisville,AA-3823-LAX-DEN,09:00 PM  Thu 15-Dec-2011,,44,12:15 AM  Fri 16-Dec-2011,,A49,734486
32661,flightstats,AA-3823-LAX-DEN,2011-12-15 9:00 PM,2011-12-15 9:00 PM (Estimated),,2011-12-15 12:15 AM,2011-12-15 12:15 AM (Estimated),,734486
32662,quicktrip,AA-3823-LAX-DEN,2011-12-15 9:00 PM,2011-12-15 9:00 PM (Estimated),,2011-12-15 12:15 AM,2011-12-15 12:15 AM (Estimated),,734486
32663,world-flight-tracker,AA-3823-LAX-DEN,2011-12-15 9:00 PM,2011-12-15 9:00 PM (Estimated),,2011-12-15 12:15 AM,2011-12-15 12:15 AM (Estimated),,734486
32664,flightview,AA-3823-LAX-DEN,9:00 PM_ Dec 15,,Terminal 4 - 44F,12:15 AM_ Dec 16,,A49,734486
32665,panynj,AA-3823-LAX-DEN,9:00 PM_ Dec 15,,Terminal 4 - 44F,12:15 AM_ Dec 16,,A49,734486
32666,gofox,AA-3823-LAX-DEN,9:00 PM_ Dec 15,,,12:15 AM_ Dec 16,,,734486
32667,foxbusiness,AA-3823-LAX-DEN,9:00 PM_ Dec 15,,Terminal 4 - 44F,12:15 AM_ Dec 16,,A49,734486
32668,allegiantair,AA-3823-LAX-DEN,9:00 PM_ Dec 15,,Terminal 4 - 44F,12:15 AM_ Dec 16,,A49,734486
32669,boston,AA-3823-LAX-DEN,9:00 PM_ Dec 15,Not Available,,12:15 AM_ Dec 16,Not Available,,734486
32670,travelocity,AA-3823-LAX-DEN,Dec 15 - 9:00pm,Dec 15 - Not Available,44F/T4,Dec 16 - 12:15am,Dec 16 - Not Available,A49,734486
32671,orbitz,AA-3823-LAX-DEN,9:00pDec 15,,44F,12:15aDec 16,,A49,734486
32672,weather,AA-3823-LAX-DEN,2011-12-15 09:00 PM,,,2011-12-15 12:15 AM,,,734486
32673,den,AA-3823-LAX-DEN,,,,2011-12-15 12:15 AM,,A49,734486
32674,usatoday,AA-3823-LAX-DEN,2011-12-15 9:00 PM,2011-12-15 9:00 PM (Estimated),,2011-12-15 12:15 AM,2011-12-15 12:15 AM (Estimated),,734486
32675,flightwise,AA-3823-LAX-DEN,2011-12-15 09:00PM PST,2011-12-15 09:08PM PST,44J,2011-12-15 11:55PM MST,2011-12-15 12:05AM MST,A49,734486
32676,aa,AA-3979-CVG-ORD,December 15_ 2011               07:30 AM,December 15_ 2011               07:25 AM,5,December 15_ 2011               08:00 AM,December 15_ 2011               07:39 AM,G11,734486
32677,flightexplorer,AA-3979-CVG-ORD,,12/15/2011 7:41AM EST,,,12/15/2011 7:34AM CST,,734486
32678,airtravelcenter,AA-3979-CVG-ORD,,12/15/11 7:40 AM (-05:00),,,12/15/11 7:34 AM (-06:00),,734486
32679,myrateplan,AA-3979-CVG-ORD,,12/15/11 7:40 AM (-05:00),,,12/15/11 7:34 AM (-06:00),,734486
32680,helloflight,AA-3979-CVG-ORD,,12/15/11 7:40 AM (-05:00),,,12/15/11 7:34 AM (-06:00),,734486
32681,flytecomm,AA-3979-CVG-ORD,,12/15/11 7:40 AM (-05:00),,,12/15/11 7:34 AM (-06:00),,734486
32682,flightaware,AA-3979-CVG-ORD,2011-12-15 07:30AM EST,2011-12-15 07:40AM EST,5,2011-12-15 07:47AM CST,2011-12-15 07:31AM CST,G11,734486
32683,wunderground,AA-3979-CVG-ORD,2011-12-15 07:30AM EST,2011-12-15 07:40AM EST,5,2011-12-15 07:47AM CST,2011-12-15 07:31AM CST,G11,734486
32684,flights,AA-3979-CVG-ORD,07:30 AM  Thu 15-Dec-2011,07:25 AM  Thu 15-Dec-2011,5,08:00 AM  Thu 15-Dec-2011,07:39 AM  Thu 15-Dec-2011,G11,734486
32685,businesstravellogue,AA-3979-CVG-ORD,07:30 AM  Thu 15-Dec-2011,07:25 AM  Thu 15-Dec-2011,5,08:00 AM  Thu 15-Dec-2011,07:39 AM  Thu 15-Dec-2011,G11,734486
32686,flylouisville,AA-3979-CVG-ORD,07:30 AM  Thu 15-Dec-2011,07:25 AM  Thu 15-Dec-2011,5,08:00 AM  Thu 15-Dec-2011,07:39 AM  Thu 15-Dec-2011,G11,734486
32687,flightstats,AA-3979-CVG-ORD,2011-12-15 7:30 AM,2011-12-15 7:25 AM,,2011-12-15 8:00 AM,2011-12-15 7:39 AM,,734486
32688,quicktrip,AA-3979-CVG-ORD,2011-12-15 7:30 AM,2011-12-15 7:25 AM,,2011-12-15 8:00 AM,2011-12-15 7:39 AM,,734486
32689,world-flight-tracker,AA-3979-CVG-ORD,2011-12-15 7:30 AM,2011-12-15 7:25 AM,,2011-12-15 8:00 AM,2011-12-15 7:39 AM,,734486
32690,flightview,AA-3979-CVG-ORD,7:30 AM_ Dec 15,7:41 AM_ Dec 15,Terminal 2,8:00 AM_ Dec 15,7:35 AM_ Dec 15,G11,734486
32691,panynj,AA-3979-CVG-ORD,7:30 AM_ Dec 15,7:41 AM_ Dec 15,Terminal 2,8:00 AM_ Dec 15,7:35 AM_ Dec 15,G11,734486
32692,gofox,AA-3979-CVG-ORD,7:30 AM_ Dec 15,7:41 AM_ Dec 15,,8:00 AM_ Dec 15,7:35 AM_ Dec 15,,734486
32693,foxbusiness,AA-3979-CVG-ORD,7:30 AM_ Dec 15,7:41 AM_ Dec 15,Terminal 2,8:00 AM_ Dec 15,7:35 AM_ Dec 15,G11,734486
32694,allegiantair,AA-3979-CVG-ORD,7:30 AM_ Dec 15,7:41 AM_ Dec 15,Terminal 2,8:00 AM_ Dec 15,7:35 AM_ Dec 15,G11,734486
32695,boston,AA-3979-CVG-ORD,7:30 AM_ Dec 15,7:41 AM_ Dec 15,,8:00 AM_ Dec 15,7:35 AM_ Dec 15,,734486
32696,travelocity,AA-3979-CVG-ORD,Dec 15 - 7:30am,Dec 15 - 7:25am,5,Dec 15 - 8:00am,Dec 15 - 7:39am,G11/T3,734486
32697,orbitz,AA-3979-CVG-ORD,7:30aDec 15,7:25aDec 15,5,8:00aDec 15,7:39aDec 15,G11,734486
32698,weather,AA-3979-CVG-ORD,2011-12-15 07:30 AM,,,2011-12-15 08:00 AM,,,734486
32699,ord,AA-3979-CVG-ORD,2011-12-15 7:30 AM,,5,2011-12-15 8:00 AM,,G11,734486
32700,usatoday,AA-3979-CVG-ORD,2011-12-15 07:30 AM,,,2011-12-15 08:00 AM,,,734486
32701,mytripandmore,AA-3979-CVG-ORD,7:30aDec 15,7:25aDec 15,5,8:00aDec 15,7:39aDec 15,G11,734486
32702,flightarrival,AA-3979-CVG-ORD,7:30 AM_ Dec 15,7:41 AM_ Dec 15,,8:00 AM_ Dec 15,7:35 AM_ Dec 15,,734486
32703,aa,AA-204-LAX-MCO,December 15_ 2011               11:25 PM,December 15_ 2011,46A,December 16_ 2011               06:55 AM,December 16_ 2011,TBA,734486
32704,flightexplorer,AA-204-LAX-MCO,,12/14/2011 11:58PM PST,,,12/15/2011 7:11AM EST,,734486
32705,flightexplorer,AA-204-LAX-MCO,12/15/2011 11:25PM PST,,,12/16/2011 6:55AM EST,,,734486
32706,airtravelcenter,AA-204-LAX-MCO,,12/15/11 11:29 PM (-08:00),,,12/16/11 6:38 AM (-05:00),,734486
32707,myrateplan,AA-204-LAX-MCO,,12/15/11 11:29 PM (-08:00),,,12/16/11 6:38 AM (-05:00),,734486
32708,helloflight,AA-204-LAX-MCO,,12/15/11 11:29 PM (-08:00),,,12/16/11 6:38 AM (-05:00),,734486
32709,flytecomm,AA-204-LAX-MCO,,12/15/11 11:29 PM (-08:00),,,12/16/11 6:38 AM (-05:00),,734486
32710,flightaware,AA-204-LAX-MCO,2011-12-15 11:25PM PST,2011-12-15 11:58PM PST,43,2011-12-15 06:52AM EST,2011-12-15 07:05AM EST,14,734486
32711,wunderground,AA-204-LAX-MCO,2011-12-15 11:25PM PST,2011-12-15 11:58PM PST,43,2011-12-15 06:52AM EST,2011-12-15 07:05AM EST,14,734486
32712,flights,AA-204-LAX-MCO,11:25 PM  Thu 15-Dec-2011,,,06:55 AM  Fri 16-Dec-2011,,,734486
32713,businesstravellogue,AA-204-LAX-MCO,11:25 PM  Thu 15-Dec-2011,,,06:55 AM  Fri 16-Dec-2011,,,734486
32714,flylouisville,AA-204-LAX-MCO,11:25 PM  Thu 15-Dec-2011,,,06:55 AM  Fri 16-Dec-2011,,,734486
32715,flightstats,AA-204-LAX-MCO,2011-12-15 11:25 PM,2011-12-15 11:25 PM (Estimated),,2011-12-15 6:55 AM,2011-12-15 6:55 AM (Estimated),,734486
32716,quicktrip,AA-204-LAX-MCO,2011-12-15 11:25 PM,2011-12-15 11:25 PM (Estimated),,2011-12-15 6:55 AM,2011-12-15 6:55 AM (Estimated),,734486
32717,world-flight-tracker,AA-204-LAX-MCO,2011-12-15 11:25 PM,2011-12-15 11:25 PM (Estimated),,2011-12-15 6:55 AM,2011-12-15 6:55 AM (Estimated),,734486
32718,flightview,AA-204-LAX-MCO,11:25 PM_ Dec 15,,Terminal 4 - 46A,6:55 AM_ Dec 16,,TBA,734486
32719,panynj,AA-204-LAX-MCO,11:25 PM_ Dec 15,,Terminal 4 - 46A,6:55 AM_ Dec 16,,TBA,734486
32720,gofox,AA-204-LAX-MCO,11:25 PM_ Dec 15,,,6:55 AM_ Dec 16,,,734486
32721,foxbusiness,AA-204-LAX-MCO,11:25 PM_ Dec 15,,Terminal 4 - 46A,6:55 AM_ Dec 16,,TBA,734486
32722,allegiantair,AA-204-LAX-MCO,11:25 PM_ Dec 15,,Terminal 4 - 46A,6:55 AM_ Dec 16,,TBA,734486
32723,boston,AA-204-LAX-MCO,11:25 PM_ Dec 15,Not Available,,6:55 AM_ Dec 16,Not Available,,734486
32724,travelocity,AA-204-LAX-MCO,Dec 15 - 11:25pm,Dec 15 - Not Available,46A/T4,Dec 16 - 6:55am,Dec 16 - Not Available,TBA,734486
32725,orbitz,AA-204-LAX-MCO,11:25pDec 15,,46A,6:55aDec 16,,TBA,734486
32726,weather,AA-204-LAX-MCO,2011-12-15 11:25 PM,2011-12-15 11:58 PM,,2011-12-15 06:55 AM,2011-12-15 07:14 AM,,734486
32727,mco,AA-204-LAX-MCO,,,,2011-12-15 Thu  06:55,2011-12-15 Thu  07:06,14?,734486
32728,usatoday,AA-204-LAX-MCO,11:25 PM_ Dec 15,Not Available,,6:55 AM_ Dec 16,Not Available,,734486
32729,flightwise,AA-204-LAX-MCO,2011-12-15 11:25PM PST,2011-12-15 11:58PM PST,43,2011-12-15 06:52AM EST,2011-12-15 07:05AM EST,14,734486
32730,ua,UA-414-LAX-SFO,Thu_ Dec 15 6:00 AM,Thu_ Dec 15 5:54 AM,83,Thu_ Dec 15 7:26 AM,Thu_ Dec 15 7:46 AM,72,734486
32731,flightexplorer,UA-414-LAX-SFO,,12/15/2011 6:06AM PST,,,12/15/2011 7:34AM PST,,734486
32732,airtravelcenter,UA-414-LAX-SFO,,12/15/11 6:08 AM (-08:00),,,12/15/11 7:01 AM (-08:00),,734486
32733,myrateplan,UA-414-LAX-SFO,,12/15/11 6:08 AM (-08:00),,,12/15/11 7:01 AM (-08:00),,734486
32734,helloflight,UA-414-LAX-SFO,,12/15/11 6:08 AM (-08:00),,,12/15/11 7:01 AM (-08:00),,734486
32735,flytecomm,UA-414-LAX-SFO,,12/15/11 6:08 AM (-08:00),,,12/15/11 7:01 AM (-08:00),,734486
32736,flights,UA-414-LAX-SFO,,2011-12-15 05:54 AM,83,,2011-12-15 07:46 AM,72,734486
32737,businesstravellogue,UA-414-LAX-SFO,,2011-12-15 05:54 AM,83,,2011-12-15 07:46 AM,72,734486
32738,flylouisville,UA-414-LAX-SFO,,2011-12-15 05:54 AM,83,,2011-12-15 07:46 AM,72,734486
32739,flightstats,UA-414-LAX-SFO,2011-12-15 6:00 AM,2011-12-15 5:54 AM,,2011-12-15 7:26 AM,2011-12-15 7:46 AM,,734486
32740,quicktrip,UA-414-LAX-SFO,2011-12-15 6:00 AM,2011-12-15 5:54 AM,,2011-12-15 7:26 AM,2011-12-15 7:46 AM,,734486
32741,flightview,UA-414-LAX-SFO,,6:08 AMDec 15,,,7:46 AMDec 15,,734486
32742,panynj,UA-414-LAX-SFO,,6:08 AMDec 15,,,7:46 AMDec 15,,734486
32743,gofox,UA-414-LAX-SFO,,6:08 AMDec 15,,,7:46 AMDec 15,,734486
32744,foxbusiness,UA-414-LAX-SFO,,6:08 AMDec 15,,,7:46 AMDec 15,,734486
32745,allegiantair,UA-414-LAX-SFO,,6:08 AMDec 15,,,7:46 AMDec 15,,734486
32746,boston,UA-414-LAX-SFO,,6:08 AMDec 15,,,7:35 AMDec 15,,734486
32747,orbitz,UA-414-LAX-SFO,6:13aDec 15,6:07aDec 15,-,7:26aDec 15,7:46aDec 15,-,734486
32748,weather,UA-414-LAX-SFO,2011-12-15 06:00 AM,2011-12-15 06:08 AM,,2011-12-15 07:26 AM,2011-12-15 07:05 AM,,734486
32749,sfo,UA-414-LAX-SFO,,,,2011-12-15 7:26 AM,,72,734486
32750,usatoday,UA-414-LAX-SFO,2011-12-15 06:00 AM,2011-12-15 06:08 AM,,2011-12-15 07:26 AM,2011-12-15 07:05 AM,,734486
32751,mytripandmore,UA-414-LAX-SFO,6:13aDec 15,6:07aDec 15,-,7:26aDec 15,7:46aDec 15,-,734486
32752,ua,UA-3373-IAD-PHL,Thu_ Dec 15 8:30 AM,Thu_ Dec 15 8:41 AM,A4B,Thu_ Dec 15 9:25 AM,Thu_ Dec 15 9:38 AM,D7,734486
32753,flightexplorer,UA-3373-IAD-PHL,,12/15/2011 8:59AM EST,,,12/15/2011 9:19AM EST,,734486
32754,airtravelcenter,UA-3373-IAD-PHL,,12/15/11 8:59 AM (-05:00),,,12/15/11 9:19 AM (-05:00),,734486
32755,myrateplan,UA-3373-IAD-PHL,,12/15/11 8:59 AM (-05:00),,,12/15/11 9:19 AM (-05:00),,734486
32756,helloflight,UA-3373-IAD-PHL,,12/15/11 8:59 AM (-05:00),,,12/15/11 9:19 AM (-05:00),,734486
32757,flytecomm,UA-3373-IAD-PHL,,12/15/11 8:59 AM (-05:00),,,12/15/11 9:19 AM (-05:00),,734486
32758,flights,UA-3373-IAD-PHL,,2011-12-15 08:41 AM,A4,,2011-12-15 09:38 AM,D7,734486
32759,businesstravellogue,UA-3373-IAD-PHL,,2011-12-15 08:41 AM,A4,,2011-12-15 09:38 AM,D7,734486
32760,flylouisville,UA-3373-IAD-PHL,,2011-12-15 08:41 AM,A4,,2011-12-15 09:38 AM,D7,734486
32761,flightstats,UA-3373-IAD-PHL,2011-12-15 8:30 AM,2011-12-15 8:41 AM,,2011-12-15 9:25 AM,2011-12-15 9:38 AM,,734486
32762,quicktrip,UA-3373-IAD-PHL,2011-12-15 8:30 AM,2011-12-15 8:41 AM,,2011-12-15 9:25 AM,2011-12-15 9:38 AM,,734486
32763,flightview,UA-3373-IAD-PHL,,8:59 AMDec 15,,,9:38 AMDec 15,,734486
32764,panynj,UA-3373-IAD-PHL,,8:59 AMDec 15,,,9:38 AMDec 15,,734486
32765,gofox,UA-3373-IAD-PHL,,8:59 AMDec 15,,,9:38 AMDec 15,,734486
32766,foxbusiness,UA-3373-IAD-PHL,,8:59 AMDec 15,,,9:38 AMDec 15,,734486
32767,allegiantair,UA-3373-IAD-PHL,,8:59 AMDec 15,,,9:38 AMDec 15,,734486
32768,boston,UA-3373-IAD-PHL,,8:59 AMDec 15,,,9:35 AMDec 15,,734486
32769,travelocity,UA-3373-IAD-PHL,Dec 15 - Not Available,Dec 15 - 8:57am,A4B,Dec 15 - Not Available,Dec 15 - 9:38am,CHK,734486
32770,orbitz,UA-3373-IAD-PHL,8:30aDec 15,,-,9:25aDec 15,,-,734486
32771,weather,UA-3373-IAD-PHL,2011-12-15 08:30 AM,,,2011-12-15 09:25 AM,,,734486
32772,phl,UA-3373-IAD-PHL,,,,2011-12-15 9:25 AM,,D7,734486
32773,usatoday,UA-3373-IAD-PHL,2011-12-15 8:30 AM,2011-12-15 8:41 AM,,2011-12-15 9:25 AM,2011-12-15 9:38 AM,,734486
32774,flightarrival,UA-3373-IAD-PHL,2011-12-15 08:30 AM,,,2011-12-15 09:25 AM,,,734486
32775,ua,UA-828-SFO-ORD,Thu_ Dec 15 11:13 PM,Thu_ Dec 15 11:13 PM            On Time,68,Fri_ Dec 16 5:16 AM,Fri_ Dec 16 5:16 AM,C29,734486
32776,flightexplorer,UA-828-SFO-ORD,,12/14/2011 11:29PM PST,,,12/15/2011 5:03AM CST,,734486
32777,flightexplorer,UA-828-SFO-ORD,12/15/2011 11:13PM PST,,,12/16/2011 5:16AM CST,,,734486
32778,airtravelcenter,UA-828-SFO-ORD,,12/15/11 11:20 PM (-08:00),,,12/16/11 4:57 AM (-06:00),,734486
32779,myrateplan,UA-828-SFO-ORD,,12/15/11 11:20 PM (-08:00),,,12/16/11 4:57 AM (-06:00),,734486
32780,helloflight,UA-828-SFO-ORD,,12/15/11 11:20 PM (-08:00),,,12/16/11 4:57 AM (-06:00),,734486
32781,flytecomm,UA-828-SFO-ORD,,12/15/11 11:20 PM (-08:00),,,12/16/11 4:57 AM (-06:00),,734486
32782,flightaware,UA-828-SFO-ORD,2011-12-15 11:13PM PST,2011-12-15 11:30PM PST,81,2011-12-15 05:07AM CST,2011-12-15 05:00AM CST,C24,734486
32783,wunderground,UA-828-SFO-ORD,2011-12-15 11:13PM PST,2011-12-15 11:30PM PST,81,2011-12-15 05:07AM CST,2011-12-15 05:00AM CST,C24,734486
32784,flights,UA-828-SFO-ORD,2011-12-15 11:13 PM,,,2011-12-15 05:16 AM,,,734486
32785,businesstravellogue,UA-828-SFO-ORD,2011-12-15 11:13 PM,,,2011-12-15 05:16 AM,,,734486
32786,flylouisville,UA-828-SFO-ORD,2011-12-15 11:13 PM,,,2011-12-15 05:16 AM,,,734486
32787,flightstats,UA-828-SFO-ORD,2011-12-15 11:13 PM,2011-12-15 11:20 PM (Estimated runway),,2011-12-15 5:16 AM,2011-12-15 4:57 AM (Estimated runway),,734486
32788,quicktrip,UA-828-SFO-ORD,2011-12-15 11:13 PM,2011-12-15 11:20 PM (Estimated runway),,2011-12-15 5:16 AM,2011-12-15 4:57 AM (Estimated runway),,734486
32789,flightview,UA-828-SFO-ORD,11:13 PMDec 15,,,5:16 AMDec 16,,,734486
32790,panynj,UA-828-SFO-ORD,11:13 PMDec 15,,,5:16 AMDec 16,,,734486
32791,gofox,UA-828-SFO-ORD,11:13 PMDec 15,,,5:16 AMDec 16,,,734486
32792,foxbusiness,UA-828-SFO-ORD,11:13 PMDec 15,,,5:16 AMDec 16,,,734486
32793,allegiantair,UA-828-SFO-ORD,11:13 PMDec 15,,,5:16 AMDec 16,,,734486
32794,boston,UA-828-SFO-ORD,11:13 PMDec 15,,,5:16 AMDec 16,,,734486
32795,orbitz,UA-828-SFO-ORD,11:13pDec 15,,68,5:16aDec 16,,C29,734486
32796,usatoday,UA-828-SFO-ORD,2011-12-15 11:13 PM,2011-12-15 11:20 PM (Estimated runway),,2011-12-15 5:16 AM,2011-12-15 4:57 AM (Estimated runway),,734486
32797,CO,CO-1694-LAX-IAH,Thu._ Dec.15_ 2011 7:41 p.m.,Thu._ Dec.15_ 2011 7:41 p.m.,,Thu._ Dec.15_ 2011 12:44 a.m.,Thu._ Dec.15_ 2011 12:44 a.m.,,734486
32798,flightexplorer,CO-1694-LAX-IAH,12/15/2011 7:41PM PST,,,12/16/2011 12:44AM CST,,,734486
32799,airtravelcenter,CO-1694-LAX-IAH,12/15/11 7:41 PM (-08:00),,,12/16/11 12:44 AM (-06:00),,,734486
32800,myrateplan,CO-1694-LAX-IAH,12/15/11 7:41 PM (-08:00),,,12/16/11 12:44 AM (-06:00),,,734486
32801,helloflight,CO-1694-LAX-IAH,12/15/11 7:41 PM (-08:00),,,12/16/11 12:44 AM (-06:00),,,734486
32802,flytecomm,CO-1694-LAX-IAH,12/15/11 7:41 PM (-08:00),,,12/16/11 12:44 AM (-06:00),,,734486
32803,flightaware,CO-1694-LAX-IAH,2011-12-15 07:41PM PST,2011-12-15 07:50PM PST,,2011-12-15 12:21AM CST,2011-12-15 12:30AM CST,,734486
32804,wunderground,CO-1694-LAX-IAH,2011-12-15 07:41PM PST,2011-12-15 07:50PM PST,,2011-12-15 12:21AM CST,2011-12-15 12:30AM CST,,734486
32805,flights,CO-1694-LAX-IAH,07:41 PM  Thu 15-Dec-2011,,64,12:44 AM  Fri 16-Dec-2011,,29,734486
32806,businesstravellogue,CO-1694-LAX-IAH,07:41 PM  Thu 15-Dec-2011,,64,12:44 AM  Fri 16-Dec-2011,,29,734486
32807,flylouisville,CO-1694-LAX-IAH,07:41 PM  Thu 15-Dec-2011,,64,12:44 AM  Fri 16-Dec-2011,,29,734486
32808,flightstats,CO-1694-LAX-IAH,2011-12-15 7:41 PM,2011-12-15 7:41 PM (Estimated),,2011-12-15 12:44 AM,2011-12-15 12:44 AM (Estimated),,734486
32809,quicktrip,CO-1694-LAX-IAH,2011-12-15 7:41 PM,2011-12-15 7:41 PM (Estimated),,2011-12-15 12:44 AM,2011-12-15 12:44 AM (Estimated),,734486
32810,world-flight-tracker,CO-1694-LAX-IAH,2011-12-15 7:41 PM,2011-12-15 7:41 PM (Estimated),,2011-12-15 12:44 AM,2011-12-15 12:44 AM (Estimated),,734486
32811,flightview,CO-1694-LAX-IAH,7:41 PM_ Dec 15,,Terminal 6,12:44 AM_ Dec 16,,Terminal C,734486
32812,panynj,CO-1694-LAX-IAH,7:41 PM_ Dec 15,,Terminal 6,12:44 AM_ Dec 16,,Terminal C,734486
32813,gofox,CO-1694-LAX-IAH,7:41 PM_ Dec 15,,,12:44 AM_ Dec 16,,,734486
32814,foxbusiness,CO-1694-LAX-IAH,7:41 PM_ Dec 15,,Terminal 6,12:44 AM_ Dec 16,,Terminal C,734486
32815,allegiantair,CO-1694-LAX-IAH,7:41 PM_ Dec 15,,Terminal 6,12:44 AM_ Dec 16,,Terminal C,734486
32816,boston,CO-1694-LAX-IAH,7:41 PM_ Dec 15,Not Available,,12:44 AM_ Dec 16,Not Available,,734486
32817,travelocity,CO-1694-LAX-IAH,Dec 15 - 7:41pm,Dec 15 - Not Available,64,Dec 16 - 12:44am,Dec 16 - Not Available,C-29,734486
32818,orbitz,CO-1694-LAX-IAH,7:41pDec 15,,64,12:44aDec 16,,C-29,734486
32819,weather,CO-1694-LAX-IAH,2011-12-15 07:41 PM,,,2011-12-15 12:44 AM,,,734486
32820,usatoday,CO-1694-LAX-IAH,2011-12-15 7:41 PM,2011-12-15 7:41 PM (Estimated),,2011-12-15 12:44 AM,2011-12-15 12:44 AM (Estimated),,734486
32821,aa,AA-3809-PHX-LAX,December 15_ 2011               06:00 AM,December 15_ 2011               06:49 AM,2,December 15_ 2011               06:40 AM,December 15_ 2011               07:11 AM,44E,734486
32822,flightexplorer,AA-3809-PHX-LAX,,12/15/2011 7:02AM MST,,,12/15/2011 7:06AM PST,,734486
32823,airtravelcenter,AA-3809-PHX-LAX,,12/15/11 7:02 AM (-07:00),,,12/15/11 7:06 AM (-08:00),,734486
32824,myrateplan,AA-3809-PHX-LAX,,12/15/11 7:02 AM (-07:00),,,12/15/11 7:06 AM (-08:00),,734486
32825,helloflight,AA-3809-PHX-LAX,,12/15/11 7:02 AM (-07:00),,,12/15/11 7:06 AM (-08:00),,734486
32826,flytecomm,AA-3809-PHX-LAX,,12/15/11 7:02 AM (-07:00),,,12/15/11 7:06 AM (-08:00),,734486
32827,flightaware,AA-3809-PHX-LAX,2011-12-15 06:00AM MST,2011-12-15 07:02AM MST,2,2011-12-15 06:14AM PST,2011-12-15 07:03AM PST,44E,734486
32828,wunderground,AA-3809-PHX-LAX,2011-12-15 06:00AM MST,2011-12-15 07:02AM MST,2,2011-12-15 06:14AM PST,2011-12-15 07:03AM PST,44E,734486
32829,flights,AA-3809-PHX-LAX,06:00 AM  Thu 15-Dec-2011,06:49 AM  Thu 15-Dec-2011,2,06:40 AM  Thu 15-Dec-2011,07:11 AM  Thu 15-Dec-2011,44E,734486
32830,businesstravellogue,AA-3809-PHX-LAX,06:00 AM  Thu 15-Dec-2011,06:49 AM  Thu 15-Dec-2011,2,06:40 AM  Thu 15-Dec-2011,07:11 AM  Thu 15-Dec-2011,44E,734486
32831,flylouisville,AA-3809-PHX-LAX,06:00 AM  Thu 15-Dec-2011,06:49 AM  Thu 15-Dec-2011,2,06:40 AM  Thu 15-Dec-2011,07:11 AM  Thu 15-Dec-2011,44E,734486
32832,flightstats,AA-3809-PHX-LAX,2011-12-15 6:00 AM,2011-12-15 6:49 AM,,2011-12-15 6:40 AM,2011-12-15 7:11 AM,,734486
32833,quicktrip,AA-3809-PHX-LAX,2011-12-15 6:00 AM,2011-12-15 6:49 AM,,2011-12-15 6:40 AM,2011-12-15 7:11 AM,,734486
32834,world-flight-tracker,AA-3809-PHX-LAX,2011-12-15 6:00 AM,2011-12-15 6:49 AM,,2011-12-15 6:40 AM,2011-12-15 7:11 AM,,734486
32835,flightview,AA-3809-PHX-LAX,6:00 AM_ Dec 15,7:02 AM_ Dec 15,Terminal 3 - 2,6:40 AM_ Dec 15,7:11 AM_ Dec 15,Terminal 4 - 44E,734486
32836,panynj,AA-3809-PHX-LAX,6:00 AM_ Dec 15,7:02 AM_ Dec 15,Terminal 3 - 2,6:40 AM_ Dec 15,7:11 AM_ Dec 15,Terminal 4 - 44E,734486
32837,gofox,AA-3809-PHX-LAX,6:00 AM_ Dec 15,7:02 AM_ Dec 15,,6:40 AM_ Dec 15,7:11 AM_ Dec 15,,734486
32838,foxbusiness,AA-3809-PHX-LAX,6:00 AM_ Dec 15,7:02 AM_ Dec 15,Terminal 3 - 2,6:40 AM_ Dec 15,7:11 AM_ Dec 15,Terminal 4 - 44E,734486
32839,allegiantair,AA-3809-PHX-LAX,6:00 AM_ Dec 15,7:02 AM_ Dec 15,Terminal 3 - 2,6:40 AM_ Dec 15,7:11 AM_ Dec 15,Terminal 4 - 44E,734486
32840,boston,AA-3809-PHX-LAX,6:00 AM_ Dec 15,7:02 AM_ Dec 15,,6:40 AM_ Dec 15,7:03 AM_ Dec 15,,734486
32841,travelocity,AA-3809-PHX-LAX,Dec 15 - 6:00am,Dec 15 - 6:49am,2,Dec 15 - 6:40am,Dec 15 - 7:11am,44E/T4,734486
32842,orbitz,AA-3809-PHX-LAX,6:00aDec 15,6:49aDec 15,2,6:40aDec 15,7:11aDec 15,44E,734486
32843,weather,AA-3809-PHX-LAX,2011-12-15 06:00 AM,,,2011-12-15 06:40 AM,,,734486
32844,ifly,AA-3809-PHX-LAX,2011-12-15 6:00 AM,2011-12-15 6:49 AM,,2011-12-15 6:40 AM,2011-12-15 7:11 AM,,734486
32845,mytripandmore,AA-3809-PHX-LAX,6:00aDec 15,6:49aDec 15,2,6:40aDec 15,7:11aDec 15,44E,734486
32846,flightarrival,AA-3809-PHX-LAX,2011-12-15 06:00 AM,,,2011-12-15 06:40 AM,,,734486
32847,CO,CO-52-IAH-LAX,Thu._ Dec.15_ 2011 7:35 a.m.,Thu._ Dec.15_ 2011 7:34 a.m.,,Thu._ Dec.15_ 2011 9:30 a.m.,Thu._ Dec.15_ 2011 9:31 a.m.,,734486
32848,airtravelcenter,CO-52-IAH-LAX,12/15/11 7:35 AM (-06:00),,,12/15/11 9:30 AM (-08:00),,,734486
32849,myrateplan,CO-52-IAH-LAX,12/15/11 7:35 AM (-06:00),,,12/15/11 9:30 AM (-08:00),,,734486
32850,helloflight,CO-52-IAH-LAX,12/15/11 7:35 AM (-06:00),,,12/15/11 9:30 AM (-08:00),,,734486
32851,flytecomm,CO-52-IAH-LAX,12/15/11 7:35 AM (-06:00),,,12/15/11 9:30 AM (-08:00),,,734486
32852,flightaware,CO-52-IAH-LAX,2011-12-15 07:35AM CST,2011-12-15 08:05AM CST,,2011-12-15 09:02AM PST,2011-12-15 09:23AM PST,,734486
32853,wunderground,CO-52-IAH-LAX,2011-12-15 07:35AM CST,2011-12-15 08:05AM CST,,2011-12-15 09:02AM PST,2011-12-15 09:23AM PST,,734486
32854,flights,CO-52-IAH-LAX,,2011-12-15 07:34 AM,40,,2011-12-15 09:31 AM,,734486
32855,businesstravellogue,CO-52-IAH-LAX,,2011-12-15 07:34 AM,40,,2011-12-15 09:31 AM,,734486
32856,flylouisville,CO-52-IAH-LAX,,2011-12-15 07:34 AM,40,,2011-12-15 09:31 AM,,734486
32857,flightstats,CO-52-IAH-LAX,2011-12-15 7:35 AM,2011-12-15 7:34 AM,,2011-12-15 9:30 AM,2011-12-15 9:31 AM,,734486
32858,quicktrip,CO-52-IAH-LAX,2011-12-15 7:35 AM,2011-12-15 7:34 AM,,2011-12-15 9:30 AM,2011-12-15 9:31 AM,,734486
32859,flightview,CO-52-IAH-LAX,,8:05 AMDec 15,,,9:31 AMDec 15,,734486
32860,panynj,CO-52-IAH-LAX,,8:05 AMDec 15,,,9:31 AMDec 15,,734486
32861,gofox,CO-52-IAH-LAX,,8:05 AMDec 15,,,9:31 AMDec 15,,734486
32862,foxbusiness,CO-52-IAH-LAX,,8:05 AMDec 15,,,9:31 AMDec 15,,734486
32863,allegiantair,CO-52-IAH-LAX,,8:05 AMDec 15,,,9:31 AMDec 15,,734486
32864,boston,CO-52-IAH-LAX,,8:05 AMDec 15,,,9:31 AMDec 15,,734486
32865,orbitz,CO-52-IAH-LAX,7:35aDec 15,,E17,9:30aDec 16,,-,734486
32866,mytripandmore,CO-52-IAH-LAX,7:35aDec 15,,E17,9:30aDec 16,,-,734486
